ID,Group1_R1DNO1_1_root,Group1_R1DNO1_2_root,group1_R2DNO1_1_root,Group1_R2DNO1_2_root,Group1_R3DNO1_1_root,Group1_R3DNO1_2_root,Group2_R3EIC1_1_root,Group2_R3EIC1_2_root,Group2_R1EIC1_1_root,Group2_R1EIC1_2_root,Group2_R2EIC1_1_root,Group2_R2EIC1_2_root,Group3_R1EIO1_1_root,Group3_R1EIO1_2_root,Group3_R2EIO1_1_root,Group3_R2EIO1_2_root,Group3_R3EIO1_1_root_bad,Group3_R3EIO1_2_root_bad,Group4_R3DNC1_1_root, Group4_R3DNC1_2_root,Group4_R1DNC1_1_root,Group4_R1DNC1_2_root, Group4_R2DNC1_1_root,Group4_R2DNC1_2_root
APEBA001,5088.86035,5280.44141,3054,3116.38428,37847.3906,32956.0586,4666.77588,12943.8125,17137.1289,25743.3594,4475.56494,4120.38037,13345.7637,23583.1953,8362.18652,9278.45605,18035.1816,10215.2754,1229.19568,1426.96472,1712.10999,4049.0835,4218.54297,7516.69678
APEBA002,21057.6504,22593.541,11034.792,14488.2246,23899.7305,23838.2461,34278.4727,56019.3711,48371.0039,46956.668,60754.2148,64553.0391,52615.0078,60806.6289,48826.2031,26493.2559,8220.8916,9383.22852,10820.3428,21094.834,10752.5869,13048.5693,54874.6523,72692.625
APEBA003,87.6216888,77.2065811,0,111.093712,232.832596,147.511368,27.3296185,143.542511,26.5362377,8.49239159,115.858124,31.7816772,10.7768221,106.671364,22.1950607,65.250267,43.4871445,22.0997372,0,85.1327667,44.6773529,85.8443451,195.082581,44.5565681
APEBA004,1571.69653,1305.13269,870.497131,1372.77209,3009.89673,2567.34668,960.038818,1978.41284,664.097839,721.142822,1353.64197,1019.22968,1076.21362,1107.69153,924.320068,994.58783,540.397156,499.174774,1609.89893,3404.02368,796.123962,899.584839,2287.96216,1482.36682
APEBA005,2585.17676,3177.25952,1682.87122,2414.46021,3105.96851,3358.375,6214.0415,10119.0918,7773.89648,7500.43604,9397.41309,10741.5234,8481.84766,10160.7676,8044.8374,4194.19141,486.925903,533.624023,816.063721,2052.39868,1272.00415,1685.42383,10957.5674,13373.7031
APEBA006,0,0,1.94290626,19.9808369,338.373779,306.261749,15.859726,37.3728294,814.184753,604.25824,580.946411,612.844666,120.878662,100.318741,179.234634,109.861977,42.5322266,95.4107285,8.43373203,9.2535038,35.5628471,52.6261063,92.4602585,110.049492
APEBA007,87.5072708,0,41.474781,8.58996773,746.865173,363.022278,6.26469517,90.6222839,0,0,7.26725817,14.8244171,5.78492069,69.3322601,2.60455847,0,0,4.51147079,26.85532,225.480209,0,25.3670197,20.5514679,13.5401316
APEBA008,65.0153961,88.2011642,218.383896,347.966766,464.847168,336.623962,382.819061,525.074219,191.789597,328.378479,267.19873,155.254349,183.832047,126.298691,201.723007,228.151962,651.723816,119.322159,164.0802,195.198959,174.882095,241.891464,717.91394,360.877411
APEBA009,359.298584,213.596176,287.469818,369.11203,1075.75964,854.809387,497.206787,646.453796,246.781708,255.794006,251.741455,286.546906,320.627686,307.594269,222.630539,322.121063,104.4468,134.080215,402.648651,951.671448,242.602997,230.161026,550.769531,778.968933
APEBA010,16957.9785,19156.166,11493.9434,16954.0859,22295.6035,20004.543,14054.1387,15594.2559,8178.43359,7876.58984,14435.3154,12786.2129,11393.6758,9197.1084,9658.71582,8603.52832,2752.37988,2051.32227,3570.85791,6395.9502,3501.96313,3452.95923,23598.2109,16797.0078
APEBA011,797.240967,717.095032,694.36145,1098.57153,2547.78516,2925.88428,1111.77576,1656.67371,3601.26099,2462.26099,2192.45386,2445.26196,1958.53198,1720.37146,2652.16968,2386.81152,55.784214,222.474823,472.618958,970.303223,132.338623,190.673279,1290.27625,2128.86719
APEBA012,16391.8613,18573.0176,10910.0742,16056.4219,21283.9434,19031.6426,13602.2344,14975.5713,7851.97314,7802.00342,14987.0547,12645.4775,10882.6494,8632.95215,9245.17871,7770.65576,2679.42529,1928.88794,3356.25952,5916.86914,3256.41943,3238.61475,22970.498,15937.7188
APEBA013,87.9351349,54.1057396,37.4165993,87.1744156,409.554901,423.685669,307.956238,516.19043,27.5596409,14.4695978,41.7256241,54.4297714,35.7308159,60.4294815,41.0301781,90.0761414,0,8.78420353,9.46992207,141.802811,16.5235615,32.9566612,150.001938,124.818489
APEBA014,44.9508667,0,106.086067,56.2146492,67.6400833,55.0033684,73.976593,52.9159279,15.3302326,89.002327,157.437836,54.9283524,102.280815,93.0801697,96.2768936,165.210297,0,0,0,0,8.77214909,0.209900364,116.809387,24.8367844
APEBA015,919.154785,1181.95105,617.818665,1464.1178,1176.90125,1313.38232,831.462036,1271.46423,776.753906,672.165405,1090.51819,813.520752,688.075989,492.330841,638.797546,632.778381,161.147141,72.1360321,92.088913,621.877319,183.85376,236.941986,2201.73901,1586.80969
APEBA016,453.421021,494.496216,545.261719,633.41748,373.682251,367.500275,717.699341,480.276978,41.1013641,65.1534958,606.276001,421.447632,793.733459,385.270844,385.236023,507.836914,0,0,16.449007,0,26.506134,59.4633446,320.866638,33.6177368
APEBA017,304.729065,144.925095,22.869751,28.9910164,395.515076,239.186005,698.54126,1379.07861,1513.34082,1319.35193,1624.65979,1904.72058,1338.20715,1462.44031,1409.10974,719.086121,25.2982445,110.830505,12.6274309,18.2025814,142.199554,182.236984,1252.18469,2276.81128
APEBA018,9337.85547,10496.1377,6482.75879,10328.8145,12515.1143,12349.4316,7106.22559,9880.24902,4150.49365,3673.37598,7249.62451,7287.22266,5861.59277,4922.28369,6012.69141,5246.92627,641.095459,448.728455,1183.60352,2260.68018,1064.46545,1254.47034,11564.6162,11700.0977
APEBA019,379.926971,52.545166,225.43512,313.201874,1148.76917,782.411865,133.406479,764.977478,364.937012,388.315094,189.197266,199.988785,240.030197,708.570313,362.367249,578.946594,233.570282,386.018616,331.342438,985.44574,607.59906,580.430481,594.208984,547.556824
APEBA020,3013.84741,3286.04614,1917.95361,2387.30591,2492.60327,2219.65552,1046.82947,1798.91833,2465.98071,2467.24341,4763.29883,5383.38867,2620.09717,3022.9104,3267.87573,2005.1532,198.655334,676.079346,930.194519,1432.44128,818.730957,1121.53137,2712.76685,3780.82886
APEBA021,464.946533,356.375732,522.460449,446.037994,548.990479,350.43396,478.834167,498.318665,96.5394363,58.9866409,574.697021,328.332245,693.861938,488.586945,299.171051,431.159454,18.8946972,16.0705452,17.4433784,18.9501476,74.4003448,100.963043,264.904572,167.644073
APEBA022,1884.04529,3196.4231,847.859314,2383.83203,2575.11035,2946.05029,1200.44739,2101.54956,595.347961,483.576813,1402.7511,1100.51709,654.786133,527.703369,655.377014,909.073303,0,0,0,54.9624939,97.619072,113.878906,4212.18896,1824.12024
APEBA023,232.558029,74.0530319,124.075333,104.807045,748.385925,567.164856,318.485657,653.739685,240.600357,127.805122,128.998276,376.105621,292.232574,298.233826,212.923492,188.03743,0,46.1275597,49.0079422,161.360657,109.967033,109.438148,502.748718,749.389343
APEBA024,32.7705879,0,57.3848686,13.3062963,699.44751,224.31514,69.1440887,81.3918228,0,6.80839348,0,0,77.1158829,78.6845932,0,0,16.9756012,31.536932,547.377686,577.659729,4.80827093,8.92818165,0,13.0827541
APEBA025,5049.16211,7832.20654,2413.6853,5919.84082,6778.34863,7514.54346,3560.88965,4911.52686,1573.21497,1917.92664,4004.81885,3258.6167,1919.52795,1329.21777,2096.3999,2184.10376,71.3748474,41.2935486,16.4412651,80.5531998,275.071136,256.427277,10062.3682,4010.84375
APEBA026,3826.47021,3256.34595,2098.76196,2686.46655,3145.94043,2839.71387,4533.04492,6111.46045,3933.39209,4410.29395,17890.0234,21503.2852,8513.97656,8621.72852,5100.25537,3884.31812,18.6633091,109.038147,113.639702,164.118027,655.891479,891.313538,10297.5098,13257.4834
APEBA027,430.752716,420.931763,193.907898,482.759094,323.9534,307.201691,669.433472,953.283813,555.294556,476.351349,3075.0625,3780.72046,1470.07629,1339.74121,724.09259,716.050842,20.4555283,28.5592327,10.2974463,30.6387691,101.369263,120.725578,1689.84912,2695.15381
APEBA028,52.2843628,36.198204,133.811661,110.037514,304.528046,222.601959,171.557281,98.8418274,51.4640541,23.4415779,523.896179,368.58075,96.3336258,98.9431763,86.5006256,50.8252678,0,29.930975,200.36734,88.6128235,13.0004787,10.6673298,88.56633,186.638947
APEBA029,2029.60132,186.187363,1198.46802,188.42746,4134.92578,1658.65454,424.331909,2283.67993,1051.08179,1772.24585,207.233582,365.594055,1005.36853,3065.88672,1030.46545,2010.01477,1482.02319,983.113892,1946.69116,2030.11523,2025.58838,1790.82239,1532.23804,2759.77368
APEBA030,346.435364,110.57386,246.795135,254.956665,830.113464,852.120728,1183.47766,1682.39917,47.6010437,49.6269913,0,137.126328,166.06134,126.615921,12.7406788,46.2958794,11.1262875,51.753315,32.5385361,275.375549,5.1601305,35.5803528,165.777435,505.908478
APEBA031,43.1910324,24.5854874,0,0,0,25.838007,0,0,1986.4812,2157.24927,1855.47339,1970.82373,191.1922,177.643311,423.655945,137.241196,0,34.9073296,0,0,0,9.99828911,43.2210274,90.5736389
APEBA032,215.041107,342.359833,46.9823532,116.903404,645.541382,1098.23364,3845.13794,7001.52783,15528.1162,16156.6318,23854.4492,26642.8672,7148.34619,10527.0068,11229.5703,4916.27197,97.9331512,480.466553,0,145.100357,207.379257,315.529266,2893.37817,4414.2251
APEBA033,223.088364,92.0413895,327.781952,398.481812,1425.73865,1853.37683,1127.22742,1416.75598,1643.53723,1143.02368,1041.21387,1459.81445,1141.93933,902.480164,3100.41821,2624.90259,0,84.7123871,54.745903,250.119873,47.9919319,38.8307991,861.232544,1338.98474
APEBA034,43.5255699,42.4347191,52.1964493,51.7272072,244.040863,207.109085,294.975311,639.574829,1199.7605,1214.06018,1860.1449,1886.08411,568.467346,730.500854,963.550781,384.923706,0,26.3624821,0,0,6.8833847,31.6524544,329.493073,270.269684
APEBA035,0,0,2.21866155,74.6048508,0,5.92349958,0,0,0,0,0,0,0,0,0,0,18.8498116,0,0,0,0,0,0,0
APEBA036,3067.58105,3127.46313,1546.50354,1806.38037,1897.94849,1375.82361,11627.8594,17141.6816,16003.0527,16037.6631,18607.4688,22288.0156,15852.124,20109.7207,16235.8076,7286.35156,248.576126,553.024475,321.013977,593.372314,1485.68787,1936.80457,19303.3164,23192.6797
APEBA037,703.757629,616.140076,500.292542,754.080139,1354.00586,1265.28943,2434.3667,4300.27148,3354.80859,3422.04248,3478.03906,4748.35938,3437.61841,4130.10645,3417.68188,1579.60657,482.113739,215.107254,246.412613,128.817764,834.482422,809.720276,4866.58398,5848.80811
APEBA038,0,0,0,0,7.04020262,11.920373,0,0,22.3654041,0,0,0,0,15.2575188,11.3307886,0,17.4193878,5.45690632,0,0,25.642662,15.5715179,15.5796661,0
APEBA039,163.653122,13.621089,113.337151,86.8727036,534.656982,170.962265,60.9949265,367.375641,129.096558,366.479614,106.725471,38.1596565,180.323715,437.286469,160.613358,462.620209,280.16333,254.724091,132.117752,378.396088,638.65979,622.79248,356.380646,539.224792
APEBA040,44.7006073,36.2235222,0,55.8982468,251.228638,282.926971,19.3875809,85.7907181,67.6950836,262.742523,54.2063332,63.5322266,10.3492136,110.23938,51.2249527,98.8633499,47.6320953,19.2741451,19.2179737,157.946716,134.340042,125.918198,284.919525,91.7202225
APEBA041,127.850082,99.1385193,0,6.2789607,949.737976,987.213806,135.414871,494.398254,1684.97192,1166.10852,2004.52063,1912.19214,1042.61206,1227.0675,1146.00586,604.255371,14.4111261,119.906525,62.1217995,43.0603371,159.249115,168.685364,590.060608,1007.77045
APEBA042,983.303589,952.424805,515.642822,879.119873,5022.13818,5164.52734,552.500671,1033.50342,1300.05835,822.182495,643.120728,1032.59473,1461.57898,2364.62329,1897.5,1233.02747,36.0863571,510.373444,624.697815,676.188599,602.676392,873.259583,781.258057,656.929871
APEBA043,673.68634,410.19278,416.304382,525.675781,1271.87952,968.221191,2135.56519,2719.39478,332.716248,125.195961,180.825439,274.742737,198.498734,231.233521,164.751068,98.3111954,7.60865355,27.6891632,59.417141,186.392517,15.0709534,24.1177979,657.634888,1016.50543
APEBA044,400.783264,340.677826,326.857239,352.194885,355.711365,454.517273,294.612396,674.016052,9.52581882,0,11.6960583,0,52.598156,41.0292168,0,42.3249931,0,32.9192047,0,0,6.62035322,0,354.462799,999.664917
APEBA045,1570.70374,1900.90979,19.1528854,60.4296532,819.697083,1444.37256,381.278992,1118.16821,16478.5762,18529.6602,16613.8027,19145.2441,4910.83301,4600.60449,5676.08545,2354.21655,98.5475616,749.904785,0,0,163.80217,197.625671,2405.59009,3078.64136
APEBA046,6050.24512,5787.52881,156.408905,186.375427,2289.81738,2540.96045,2683.47168,3131.32397,1151.15991,1168.47412,5482.64453,6279.59668,5584.12256,5207.54834,5258.66113,4017.22461,0,0,0,0,92.2723694,67.867424,9173.75488,10306.7617
APEBA047,11779.2627,12242.0078,7044.62793,7967.42188,58731.4063,58286.8789,39741.6406,42825.8867,15409.5176,16440.502,25106.7969,25800.0371,17255.1035,15382.0176,66438.2422,51871.2969,9.14399624,282.854553,66.6078796,64.2518997,162.223541,401.706116,22455.8066,15508.7188
APEBA048,6609.62354,7756.62744,2904.23828,3547.396,41832.5391,43789.3945,20885.9492,27311.0859,8391.40723,9787.77148,14600.6953,15215.0586,8114.89648,8990.8584,46400.9961,24209.6641,0.029324144,152.849838,43.4841957,37.9190216,75.6242676,185.807404,12764.7051,7272.8374
APEBA049,627.066467,778.337708,835.837708,1102.67358,3395.52026,3279.58862,785.94104,1256.50403,705.157654,719.142517,525.466187,714.45105,857.484192,788.807373,564.921204,765.252991,823.234863,868.726501,1702.19141,3365.51001,1221.76416,1179.36902,1026.16223,1181.27551
APEBA050,226.688095,217.699295,340.321411,475.466644,399.581421,494.367065,327.257538,382.691101,50.1982651,153.470291,153.371628,71.6975098,0,42.8166847,43.6271667,50.542614,0,0,0,0,0,5.85427284,1594.36169,481.551666
APEBA051,9.10239029,15.0343056,27.8483562,11.0321283,126.541939,78.6037674,34.6038284,83.2598953,60.9654503,280.083252,0,0,48.4147301,239.261627,93.1406403,59.1427956,134.82486,52.2795067,43.6154938,24.9016075,99.0422211,114.92308,62.3915176,52.5482483
APEBA052,56.7412796,41.172348,25.355257,103.893753,216.793442,157.28447,164.998428,258.47583,0,16.580883,21.5231533,14.9915771,25.2524185,8.49891186,22.8582916,10.8735819,0,0,0,0,2.79303169,0,59.845665,0
APEBA053,137.739792,157.052429,123.257217,175.400848,169.184616,168.372284,93.6473999,157.499268,33.7889519,64.7629929,0,82.9838333,18.5501213,25.1591721,0,25.8733807,0,8.39413452,0,0,0,0,687.364929,229.7659
APEBA054,375.933167,706.664612,331.914215,562.736206,401.395203,750.200439,514.195251,506.727844,215.50235,377.32547,217.926132,142.366165,105.246498,137.585129,123.121193,170.304749,30.5603275,11.1338892,10.0960436,11.3315325,28.7278194,58.9714699,1790.76819,265.621399
APEBA055,18.5546093,57.4502373,696.493103,710.865784,240.102966,85.3014297,0,0,0,0,130.182175,240.080933,29.2507668,83.3198853,204.628021,289.174377,0,0,0,0,1.56149781,0,22.2569962,0
APEBA056,96.9293976,28.8443146,40.0226059,31.1848106,109.642517,82.3758469,525.190308,686.110413,11.9179831,0,0,0,16.4514103,14.066102,0,17.5859756,0,0,0,0,5.54834461,0,52.2491264,76.2558594
APEBA057,70.7130051,23.3310013,23.5730991,25.2241325,84.1335144,57.7419014,418.76297,551.513794,9.63997459,0,0,0,0,5.86642933,0,14.2245855,0,0,0,0,4.48783159,0,37.4405098,40.0528526
APEBA058,13.3300571,0,0,0,115.739204,126.288391,45.9422302,49.5493393,558.889038,406.190247,533.74115,588.060547,245.450302,324.593353,282.748474,250.61348,0,13.109786,0,0,4.66666746,28.3408604,25.6839104,0
APEBA059,6.46590471,0,2.89314008,35.8301239,585.116089,341.217468,12.1744337,7.60616779,17.74086,20.7742996,21.8686047,9.5739336,37.1806908,28.8051472,17.7919636,0,0,7.71021128,42.3773041,76.2370758,19.9541054,92.3717651,17.0878258,0
APEBA060,105.300125,37.0434761,29.5916061,54.4671974,1307.94775,1526.01599,589.900879,790.159363,266.798065,224.930817,152.643692,290.927094,288.822479,276.940979,1558.53186,1726.79211,0,0,0,9.09674168,0,5.0448966,319.270905,258.634003
APEBA061,38.6095734,20.7374344,10.8501234,29.4518776,514.778259,636.237122,216.294327,313.006927,97.8247681,120.456795,71.7777939,137.0578,130.77066,117.530083,642.089722,633.149536,0,0,0,15.4591131,0,0,137.35141,132.33606
APEBA062,20.8609295,23.7311192,59.8684616,25.639925,305.617554,164.316986,24.0273552,6.40201855,25.0139961,57.042408,0,23.2642288,3.39897537,20.3828735,0,0,0,0,0,57.7558327,0,4.62019205,5.84039688,14.7295609
APEBA063,14.6239586,16.6360245,41.9690742,17.9741344,196.883438,115.189735,12.4402046,4.48795176,17.5353451,35.5217438,0,10.6363106,2.38275433,14.2888298,0,0,0,0,0,40.4880714,0,3.23885322,4.09424305,0
APEBA064,67.7063522,122.300194,34.096447,76.4439697,91.1271591,63.2384644,43.1083031,219.039322,0,26.6736565,72.6591721,253.048615,39.2651634,110.442062,20.1515942,0,0,0,208.695541,1365.3075,0,2.49017501,212.162827,0
APEBA065,4.38782215,1.07523513,34.6164665,7.2625308,0,0.477946848,33.7892532,34.2609596,0,0,0,0,32.1306381,6.28521252,12.2489481,124.656776,151.06752,105.500481,20.5488071,30.2966442,166.351288,191.552979,12.6309767,0
APEBA066,419754.344,384688.969,462807.969,467003.438,364499,408442.031,386642.094,431259.281,476561.719,517422.031,440915.625,499947.469,463785.344,502298.625,457237.969,630518.875,484222,514716.406,480489.656,369013.063,766142.875,773574.875,493053.438,480579
APEBA067,35.3025894,22.3136311,91.8240891,29.0517464,95.4826813,130.764511,898.078552,979.328186,126.408165,86.0084229,66.810791,31.6208687,97.0000687,72.9714584,29.7045841,82.290596,65.7945633,56.6644173,45.1846848,12.9123182,60.1652374,48.093441,84.938179,83.4607239
APEBA068,54.3517303,18.5914764,123.12999,132.587402,438.307312,426.073822,118.722496,228.421982,119.682816,268.26474,7.48876667,28.1521091,204.37294,109.24662,122.584007,652.455627,358.39209,237.087769,144.830215,19.5519218,1057.41577,992.834656,393.975159,393.620911
APEBA069,5.05404854,0,0,0,657.245178,78.0431747,0,5.86001301,0,0,0,0,15.1857166,22.1119022,0,0,0,0,180.462036,616.584229,0,5.95881462,0,0
APEBA070,0,0,4.24953842,9.10857105,57.99683,62.9913177,0,6.39389181,31.2949696,31.4510288,0,0,3.41852236,6.14020014,13.231904,4.11293077,32.3924294,0,0,0,83.5761414,92.757309,45.5471077,19.1635551
APEBA071,95.0233765,7.37060738,45.5176697,23.741148,248.417404,276.462158,19.5960007,178.292831,5.53388834,66.5884247,21.4773788,16.5668449,48.6058197,17.7619915,64.5046463,165.028503,171.150635,95.6684341,108.639122,0,381.443512,363.574707,271.662262,131.682129
APEBA072,212.087265,23.4233341,211.575378,74.4889603,403.675201,172.820801,129.782776,867.670654,189.690033,194.432419,0,39.1459198,310.492554,572.50238,326.770569,993.918396,518.393433,553.765991,347.377777,89.3092346,1034.51282,1319.35913,394.01712,1156.34875
APEBA073,1052.0199,441.464478,1933.45056,1611.78735,3002.80566,3015.02466,1267.97656,2712.14307,2103.33252,1613.47375,1004.77863,1818.39502,2678.35449,2829.91016,3483.69263,8022.62354,5376.54834,5525.15186,5358.75195,6812.40869,9849.86426,9465.68848,3780.22998,4430.82568
APEBA074,192.591187,250.400818,254.600082,606.525208,192.623123,157.190338,228.94162,379.044128,20.9476318,10.5927944,998.958496,981.100342,397.127014,356.503296,446.540924,370.237183,16.578476,12.5380659,42.3668747,10.0829945,81.3293533,134.023819,468.22934,36.1405258
APEBA075,2.67809582,2.97798371,17.8518944,24.7415733,0,5.52458858,40.6888885,34.0634422,6.98675394,7.54638577,0,0,48.7627296,8.11493683,19.2158661,8.84574032,61.8258514,25.576767,5.03470278,9.23205757,138.443283,163.507278,42.6577911,0
APEBA076,3.59938097,58.5622749,61.4133377,140.362457,15.100071,24.9610081,118.650375,93.4578323,69.5689697,63.9504967,2.76913404,17.2717819,84.8195496,41.4332771,104.007431,231.339478,301.700714,159.84581,145.54483,31.3241081,252.712418,247.561447,55.8858147,61.3017044
APEBA077,1753.06042,1488.37854,2664.10547,2779.33032,1288.4397,1502.28357,4117.07324,4251.98633,1351.42407,868.587769,1214.75598,1675.16687,1696.14575,1303.54163,358.104004,235.709106,0,0,0,0,34.7222404,15.9886322,2519.3894,2379.19116
APEBA078,4334.00879,4328.67334,6829.23193,6798.0542,3721.90796,3939.80566,8340.08008,9115.92188,3701.04077,2445.07324,3370.03125,4605.65771,4181.18604,3268.50342,1043.55444,845.27832,0,5.67812443,6.91179848,0,78.0177917,59.3386192,6655.49219,5432.50195
APEBA079,6.39409971,9.24995136,93.6746597,42.4706154,318.264648,370.401062,1402.35608,1566.40149,8.42633915,7.29942417,21.01437,13.9760418,52.9482498,13.0865765,7.45579529,31.2400761,0,7.58656549,0,15.6520929,25.3365765,25.8577099,439.852966,693.913452
APEBA080,25.3746738,0,0,0,2004.89014,2503.25269,0,0,0,0,48.8113403,65.5810089,63.3836479,53.169117,58.7845802,192.706161,0,3.70413399,35.1773643,6.75451469,394.587921,692.208252,0,0
APEBA081,82.3962326,26.2670918,68.454422,0,5458.50293,6588.06104,18.6338711,817.547668,673.776001,612.4552,0,17.1426582,704.033875,1211.35559,54.4728012,242.295395,378.342682,945.11084,2868.82202,6291.65527,100.558334,1827.83411,5.26828671,198.731277
APEBA082,61.9382172,0,13.8101721,9.81097794,333.121033,229.431122,1870.82788,1859.16748,14.7212124,7.56916285,0,77.9896927,9.49707127,38.1122284,0,31.0358429,0,0,0,0,4.15915489,0,19.6905003,9.16512775
APEBA083,9.41116714,0,0,0,7.68973303,61.9643974,20.3474693,30.7911816,41.1235809,76.477478,0,11.9284916,346.615845,156.368256,98.1177979,230.011154,0,0,0,0,46.5322075,66.3742218,1627.4032,1496.39294
APEBA084,3367.34644,3652.66382,9209.30176,19475.0918,7641.17578,7715.1792,4359.72119,9143.30566,4127.41602,5131.28516,6984.38281,8566.49121,5188.84033,7230.60352,3465.37988,1819.5946,184.202667,403.034515,187.122589,488.43457,1350.54077,2415.8291,21065.6367,26087.6387
APEBA085,1679.89807,1725.39648,4626.69482,9889.11328,3691.48389,3776.29565,2208.36841,4614.12305,2042.48694,2531.92212,3458.11572,4194.65967,2582.98364,3554.44092,1701.01746,893.53949,93.7266159,205.073425,90.3307648,236.557495,685.479797,1210.47534,10644.8906,13221.9219
APEBA086,0,0,0,0,11.4186335,1.79175043,4.64962435,11.0291433,255.365189,106.661278,342.099152,313.476105,284.823364,127.650726,26.389555,0,30.1610203,49.0012474,0,0,0,6.27503538,0,0
APEBA087,5.06472397,0,49.1990166,8.03897381,65.6298065,31.4922123,74.2183838,24.1596298,66.9422836,17.9336796,7.43199587,18.0487404,266.822998,229.633347,125.700249,348.115723,0,0,0,0,19.2912083,19.0500393,32.5018845,55.1526909
APEBA088,378.46048,446.890656,1021.89703,872.565613,497.62442,533.458801,1060.89014,1402.06445,1331.50879,977.403748,171.58139,448.162292,1255.28772,962.480713,1432.47314,2600.64331,3213.09155,2247.94922,1242.39038,469.249695,3653.92432,3213.87329,1566.86011,1773.20081
APEBA089,433.559723,417.071167,493.308044,540.326355,4112.21826,3745.34619,1277.92529,2436.7561,2863.59863,3437.81763,604.609802,636.708313,1640.22266,1229.91101,1612.86523,2024.72949,3354.573,1936.94141,817.766846,346.138489,3498.96143,2640.80811,2312.79102,1427.23157
APEBA090,14391.9541,13153.9834,13207.0977,16001.0635,17415.0059,17013.2578,19865.3672,23110.3652,3988.97266,3710.51978,5174.39014,6612.85449,6474.1582,6251.27881,3093.00317,2312.75122,0,19.6613731,9.58695698,18.9921093,454.467499,378.405304,22387.9375,18471.1543
APEBA091,135.974487,126.324821,599.357666,894.915283,459.173523,672.420837,459.249664,818.622986,10.7882318,0,47.9550591,196.262299,219.684311,197.781891,91.1359329,210.65686,0,29.2431679,6.86566067,0,108.976013,76.4709167,1407.53674,2214.64429
APEBA092,304.940643,657.767395,1082.9696,1802.28821,218.898178,423.073151,1151.70923,2205.00488,124.968864,24.5005093,77.8127899,118.997032,272.293915,223.772934,37.2980003,140.823257,0,14.7701445,140.160767,53.7837677,244.464508,181.742981,534.150574,422.564697
APEBA093,0,0,6.74128962,25.2230644,44.3893433,42.0299873,0,11.2223425,0,0,5.42780066,0,0,4.7656002,0,52.5601501,0,0,501.046539,1946.41064,3.06348705,10.4403934,13.7678213,111.247314
APEBA094,0,0,4.4982295,0,0,0,18.1823235,14.5920525,30.3321648,25.2762814,309.101532,215.259399,92.2042236,64.2792206,179.434433,200.831909,0,0,0,0,1.6288594,9.70945168,0,37.6136208
APEBA095,0,0,45.3533897,26.9681435,67.7135849,90.8898315,36.5265388,113.494217,57.4857903,25.8321419,0,0,27.6048946,59.455265,95.48172,472.042114,340.093536,202.841949,34.0960579,9.27413368,592.00061,589.712708,181.747269,146.190231
APEBA096,3617.36572,4333.27588,6189.22656,8588.32031,1798.45178,2781.13867,3347.97412,5036.25098,3290.6748,2016.97107,2577.71118,3464.4751,2457.99463,2255.51538,899.571838,1032.57227,0,7.56208515,0,0,391.803101,360.13028,9216.04297,7480.27637
APEBA097,3059.7063,3381.5188,6274.04248,8325.03516,1487.4635,2173.04468,3034.90186,4360.85303,2992.37988,1660.81055,2019.45789,2562.81006,1958.77502,1973.32202,707.681641,661.099548,0,9.03639698,0,0,455.523163,353.963379,9066.91895,7210.71436
APEBA098,4.07430458,69.3603897,0,0,8.16856384,89.6211624,0,129.890198,379.004028,334.988068,99.1317749,182.809464,17.2552299,74.6573715,288.39267,658.769348,658.454224,692.596985,0,18.544405,970.445618,1091.89502,166.883163,191.637802
APEBA099,91.9163208,77.3734512,281.007233,286.320648,251.582596,391.003174,176.665497,403.547974,45.2624283,31.7664375,39.4381599,0,57.0240784,24.8428707,1.59152842,5.32169724,4.65919971,15.822937,0,2.86790681,38.5379333,17.7742119,408.163971,743.46698
APEBA100,51.9977188,42.2510185,188.230637,189.007889,140.871826,228.463776,99.9409485,228.289978,25.6052818,22.673027,39.8512154,0,52.5205574,14.0537901,0,0,0,15.6247911,0,0,23.9586983,0,235.654861,434.658234
APEBA101,29.1007309,18.0794106,16.1975746,55.9893837,47.3059921,31.460638,32.5829315,11.2331953,70.1924591,51.3733978,0,0,29.3417969,37.6452713,25.8003445,0,8.97334862,55.451004,9.59466171,0,30.4312057,42.5746765,16.7034855,27.5828457
APEBA102,167.080765,194.387802,1008.8175,1057.5437,401.604279,383.825623,427.949127,672.691528,141.630219,68.4095993,96.7619629,327.320374,235.206619,110.355606,21.30266,91.8580933,10.6312561,43.7829132,0,0,37.1865501,0,128.083679,647.641785
APEBA103,47.5398407,43.0499878,223.417236,234.208405,112.243561,85.0037308,94.7755432,148.47496,31.3660641,15.1502981,32.1981697,72.4898376,52.0899086,24.4398441,12.5780973,20.3433056,2.35444593,9.69636154,0,0,8.23549938,0,28.3659859,170.51059
APEBA104,432.154877,165.548859,428.058228,222.123581,1036.93774,566.222046,551.569763,1603.75122,798.052734,1025.87549,391.578766,446.446136,710.256165,1402.49512,1216.32312,2141.91382,1510.44971,1254.16309,946.959167,421.103027,2458.16016,2773.24023,872.183228,2182.78735
APEBA105,0,0,0,0,548.244324,287.781921,27.3267937,134.161636,85.3251495,41.4500618,0,0,0,0,0,0,0,0,3.60633683,31.0235538,0,9.60877514,44.0533371,0
APEBA106,66.3004379,13.7362366,66.1057129,4.78539038,95.5550308,58.6153221,92.4713516,238.776428,13.5133896,0,0,8.54864407,86.2318954,65.8536835,26.0860462,88.1053162,7.12798452,50.3574142,54.4437981,0,181.006927,274.53775,103.103127,8.18433952
APEBA107,134.629623,111.555573,146.65036,345.876617,482.049194,876.232361,284.578522,550.294067,2441.18628,1190.97009,540.097351,861.596558,652.013672,658.755737,1735.57153,1479.24036,26.7140388,178.070816,0,0,81.1588211,92.3619308,504.048492,630.34729
APEBA108,0,13.9238434,19.9478893,49.4485168,9.6480751,29.4490891,73.8161926,57.2901649,20.4999771,3.83661199,23.1790981,0,6.45926905,22.0924149,58.830719,69.1794891,139.217438,86.0258942,47.8726349,27.0922546,182.487213,278.962189,86.2889252,72.5477295
APEBA109,23.5250683,13.4413795,136.298401,73.7440491,319.175537,335.74234,149.54834,346.063507,777.274902,685.339661,89.1372147,26.016119,151.317062,140.591171,261.71994,558.021301,787.734131,329.631226,157.401184,22.5032043,889.347717,822.858093,533.436707,406.594299
APEBA110,0,0,3.40813351,0,7.22170925,49.9548645,564.67627,296.114624,11.1898518,0,61.6747131,27.1236496,69.7518234,16.3776741,1320.88611,1412.19495,0,0,0,0,0,0,0,0
APEBA111,22.1506538,24.3625946,41.2646751,50.9528046,27.458477,38.1254158,34.7313042,4.55218029,0,0,181.039215,146.663422,81.3183823,38.9288521,27.2484589,82.9485321,0,0,0,26.4837894,18.3431587,32.887619,48.7026215,11.6504784
APEBA112,99.4707489,42.781311,211.509171,376.793671,37.6831322,36.4997368,7.17055416,26.0056286,0,0,34.8815231,19.3466644,78.1366806,40.8952675,19.5839996,2.61244321,0,11.0787134,0,0,74.2100906,43.3576431,1323.41077,1258.72485
APEBA113,57.416687,65.0641785,233.234344,312.282928,69.902359,55.7882347,119.555504,79.5273819,0,0,629.214661,403.855591,205.535645,95.0849991,103.450226,157.704056,0,0,51.7788048,13.3795309,9.90356827,13.0542221,191.322372,21.9233246
APEBA114,69.8051758,46.6710205,211.921539,264.546204,1787.16992,1700.14221,627.18689,1378.7688,680.041565,686.229797,170.969147,30.1013546,325.617401,304.531586,438.086304,893.822021,848.653076,464.119049,375.400543,94.5209427,1372.53772,1041.20215,599.247437,281.67868
APEBA115,0,0,0,0,210.432236,269.217377,83.4491425,19.6560383,22.6775951,20.6554146,34.3701553,60.2201309,113.125519,44.6423836,888.753967,1015.77509,0,0,0,0,0,0,0,0
APEBA116,0,0,165.345963,1124.44116,262.789703,233.203293,0,0,17.2366867,13.3299007,11.0931959,0,0,0,0,6.10546827,13.1710062,4.19782639,21.1906528,17.2419167,58.1224365,21.1233215,0,0
APEBA117,16.7800713,14.670495,85.8505783,29.2225418,23.7532291,60.700676,0,22.232048,66.3961182,23.0131969,0,8.0649662,21.4055996,42.3211594,105.616096,434.727661,165.592377,270.750092,103.458046,0,611.299194,578.433105,93.3633804,103.216492
APEBA118,7649.21094,6623.61328,13180.2803,13855.1484,29830.957,27648.7305,18455.4668,26825.7422,27873.1953,27708.5586,37845.4219,12294.5381,18647.8359,12294.9561,18672.0469,25123.2363,32868.6953,17571.3125,21915.7188,6125.73291,38030.125,26925.959,21231.5293,19528.8398
APEBA119,113.463219,507.410858,0,336.677887,153.018372,626.285767,33.0939903,672.180908,2782.12036,3156.2644,1147.07166,1433.77637,125.126991,942.122559,2158.17114,3490.60376,3503.55322,3394.62695,36.892067,273.590027,3929.55835,3945.03687,1691.91187,1614.54468
APEBA120,270.051788,136.692322,211.040421,142.727203,500.67749,306.641693,249.603851,438.922821,203.976196,44.2770119,19.1279526,109.179741,248.516937,112.928093,194.727768,283.517548,256.047272,490.291351,318.706116,31.500948,717.326599,783.704773,262.632324,288.455536
APEBA121,8896.35449,9359.67871,2296.13525,2498.63525,971.643005,1165.22424,1964.32874,3465.19824,1066.83984,808.773438,2484.50195,3251.9873,13388.0273,10490.6982,1419.10754,1980.8031,151.310394,1199.41064,0,0,646.347473,364.921539,9394.89453,9323.85449
APEBA122,4319.60547,4528.06104,1111.89172,1213.20654,467.106201,573.942749,946.301025,1682.51917,531.354187,387.205231,1206.34448,1578.99536,6496.45557,5112.9209,689.044373,961.774414,71.3563995,582.371155,0,0,313.832611,177.186844,4555.66406,4527.17627
APEBA123,46.9743958,21.4303951,149.388306,81.3054276,840.012512,742.586975,165.903,337.553467,532.833923,587.578491,133.739105,0,218.619156,71.1183167,266.751526,476.781891,775.267212,361.321655,222.459671,0,1191.06921,964.254639,433.03772,267.361023
APEBA124,40.7837677,29.0634766,66.0390396,0,78.9457855,39.8984718,210.827667,211.517395,99.2132339,85.822197,0,22.4923115,238.934326,15.855155,98.4363174,87.7392349,422.057709,204.509644,170.714172,20.5771027,243.62236,384.782715,127.664436,27.4912739
APEBA125,40.5218773,0,48.6290779,3.36023211,393.485992,261.759979,72.5228958,224.425049,235.698242,310.372253,93.5964584,15.7381592,86.8560638,115.38932,236.265976,591.313904,571.46106,295.092957,84.0195618,0,1166.67407,860.628906,292.782349,179.686661
APEBA126,9.31622219,10.196454,19.2482872,19.2736702,81.2462921,112.985802,22.5065994,129.507034,288.519226,123.665611,66.0547562,64.1278152,144.258774,81.5136566,193.646027,398.154205,193.701889,162.633774,66.3396378,0,540.725342,615.674133,76.3949127,98.7723312
APEBA127,2319.71411,2134.31323,173.900589,162.928497,468.014496,503.403687,825.439636,1461.75891,33.4599724,5.64151669,0,68.6203003,964.670776,778.720459,43.6577415,157.988083,15.9089613,182.838455,6.24272156,0,167.350677,61.2342453,1639.88403,1838.62451
APEBA128,78.2784805,91.1971512,961.225708,1790.06152,386.300293,412.765961,262.229218,254.668106,1490.66321,1263.22974,1932.14941,501.284058,152.018387,158.625946,55.3660889,107.062042,83.2762909,138.370239,34.9352722,45.9008446,117.85601,137.742477,930.402588,751.893494
APEBA129,1753.54456,1393.07385,2402.02222,3318.19312,4268.56445,4713.54883,7063.74365,6780.00439,6185.62598,5535.94629,21281.1934,1475.99292,4685.52539,2589.44482,6831.87793,3632.1377,9410.07813,3934.64063,6155.79932,933.283752,5628.42383,3757.64526,5071.80029,4066.33276
APEBA130,768.815491,998.237061,85.240303,198.760162,28.5897503,42.3053627,20.5414619,15.7895288,6744.54492,6241.54688,980.167664,976.310852,315.722137,291.292816,190.06456,149.115707,9.75614452,22.5065327,6.36014891,0,33.2789574,42.5837135,344.604218,407.96051
APEBA131,9.23289299,11.6214066,0,0,42.1212044,7.45155144,0,0,0,0,87.9747162,50.8334389,41.5146942,19.6968288,19.0213528,14.4252939,0,0,0,0,0,0,5.9302659,18.6116848
APEBA132,6.92575169,0,0,0,11.9791203,16.2795582,450.598267,444.444153,0,0,0,4.24294949,0,0,0,0,0,0,0,9.32812405,0,0,12.4007969,0
APEBA133,305.378693,180.482407,161.334793,372.121857,363.887451,435.899811,93.7781219,349.262909,98.8466339,28.3298721,19.9403057,83.6185684,20.0623131,86.457695,10.5006828,26.0856857,0,0,0,0,18.0041809,7.10064268,271.632721,394.437836
APEBA134,0,0,0,0,11.6627178,23.9087238,12.0506172,8.86980057,118.332596,179.487701,0,0,0,0,3.64453125,17.173666,82.4866257,19.6805439,0,0,58.3328056,37.8489037,7.14165783,0
APEBA135,0,0,5.32973051,0,28.8306141,9.64583492,0,6.73682547,20.6878796,47.6799088,0,0,4.41586018,0,16.7143135,56.6088448,55.2024422,34.1171227,1.44927919,0,101.966438,25.0372677,41.661335,25.2127781
APEBA136,10.3572197,10.735383,124.019226,292.394897,582.643127,781.257446,0,21.6901131,0,0,0,24.1952076,38.7533112,87.7766647,0,0,0,0,0,0,17.1210785,33.3051224,632.06189,657.011658
APEBA137,71.926445,0,76.7660675,5.62197638,89.9326477,11.2073832,20.3904743,175.187607,5.34980822,3.68566871,0,17.5404739,53.8847389,100.972641,25.3259506,62.7667885,8.01229286,29.278223,87.9454727,0,87.5727768,174.562775,42.579258,164.385056
APEBA138,0,0,0,0,32.0528908,0.963993728,0.848294318,13.4602966,0,0,0,0,2.08931804,0,6.12736416,84.4025345,9.31412697,34.2045822,29.5163307,17.2974243,155.608902,222.067245,15.0544271,10.3815193
APEBA139,307.022522,221.464249,482.390808,575.041504,96.9190598,111.491547,291.710968,488.519562,129.976669,14.2323866,22.4153652,59.6286507,105.729355,64.1958847,21.995945,11.3362694,0,0,0,0,10.1608171,0,487.340546,448.715454
APEBA140,289.724915,219.04895,7.21902561,45.4454422,69.2922745,34.6645279,196.92128,533.93988,13.3106833,8.62804413,400.987427,557.390503,362.9039,477.447571,163.223419,10.4620295,0,21.9524918,0,0,58.3726921,42.2213821,87.1739044,54.8646011
APEBA141,0,0,10.5506458,0,117.774712,142.049911,9.03430748,0,49.8273239,46.9452286,62.5185318,36.4175377,0,0,18.9110394,0,0,0,0,0,0,0,0,0
APEBA142,67.7198105,74.4337387,186.762955,183.466171,1324.0166,1341.19019,495.016479,604.247986,254.892624,390.54483,167.827271,441.034424,368.321625,169.37355,253.522186,146.863113,266.134979,123.321602,104.643837,153.033661,424.811249,316.578094,344.442719,97.547966
APEBA143,16.7744045,16.4982052,18.2776489,96.586937,333.441803,354.075195,12.3511248,75.0736542,34.9056511,97.2763596,252.993011,346.599365,831.482727,701.687134,44.748558,143.397232,15.4873247,114.795212,241.953156,546.021545,25.6301212,203.198486,352.818604,295.406342
APEBA144,15.2923212,13.8597918,194.67514,141.798431,444.395081,343.148651,210.495697,236.577728,557.844727,749.748352,49.6269569,44.6838074,208.250259,107.21331,85.3332748,98.0221329,315.449768,48.8291359,31.2193489,0,352.751465,238.185944,464.669067,227.272034
APEBA145,0,0,0.656958461,3.44752765,393.082825,503.362152,1.4599911,1.55483258,8.57586575,6.84586143,8.60435486,0,18.0317078,40.3200607,11.8037491,65.4550705,0,6.17585516,0,0,78.4307632,165.095032,4.25159597,0
APEBA146,4.72048378,0,23.7522984,10.1459455,200.58577,198.418457,52.3404236,59.6089516,87.310936,59.8020325,40.1715851,39.9787712,225.482178,80.5015793,102.97789,248.890305,260.714661,105.32917,11.1631079,0,244.474396,267.703217,48.6065407,86.0724106
APEBA147,114.653984,13.191865,60.4015999,275.982178,33.965538,27.7037125,19.4437237,107.45108,0,0,36.9711952,132.533279,79.2419586,42.0837059,17.0999374,30.0324402,0,0,0,0,9.72663879,20.8540363,268.460358,372.399353
APEBA148,0,0,10.455596,2.35264635,50.5927315,2.78455186,0,40.1651573,8.39654827,0,0,0,0,12.8924551,0,1.59786272,0,0,0,0,23.8460236,29.2789841,16.5194855,19.1746006
APEBA149,0,0,10.513936,0,123.598137,112.298485,48.9982071,74.1356201,46.9060478,31.9125996,0,0,54.596096,5.59222174,33.9053764,63.4510345,66.5992661,56.5925941,0,0,67.0056458,159.475861,19.2209892,43.69804
APEBA150,92.217308,47.9503174,40.8976326,95.7405243,82.4261551,122.474472,19.7620716,106.134666,12.8706932,9.52614975,22.7372341,5.97393465,11.5007601,36.6190605,47.2027512,88.2899704,92.7874908,25.6683197,59.7689056,0,176.243347,154.559143,196.532059,83.8267517
APEBA151,125.705215,265.791626,176.235229,327.664398,830.331726,1333.60034,514.332153,699.502869,3441.70435,1620.8313,670.620728,1170.17334,878.350647,699.743103,2343.29834,2064.88281,0,144.527374,10.3847046,0,27.5139275,45.6259995,559.124268,631.436646
