ID,Group1_R1DNO1_1_root,Group1_R1DNO1_2_root,Group1_R2DNO1_1_root,Group1_R2DNO1_2_root,Group1_R3DNO1_1_root,Group1_R3DNO1_1_root,Group2_R3EIC1_1_root,Group2_R3EIC1_2_root,Group2_R1EIC1_1_root_bad,Group2_R1EIC1_2_root_bad,Group2_R2EIC1_1_root,Group2_R2EIC1_2_root,Group3_R1EIO1_1_root,Group3_R1EIO1_2_root,Group3_R2EIO1_1_root,Group3_R2EIO1_2_root,Group3_R3EIO1_1_root_bad,Group3_R3EIO1_2_bad,Group4_R3DNC1_1_root,Group4_R3DNC1_2_root,Group4_R1DNC1_1_root,Group4_R1DNC1_2_root,Group4_R2DNC1_1_root,Group4_R2DNC1_2_root
DHB001,574.037903,863.505066,106.364647,85.4056625,514.385315,225.580902,16262.0938,16482.4434,7124.41602,11922.6201,11504.252,13373.1104,4922.94775,6751.34521,4096.6167,9227.26855,246.941833,2422.2085,0,16.4778957,290.079346,4995.85986,6665.91895,8601.74414
DHB002,478.926941,258.369171,441.070068,552.609985,10.5715256,20.8075924,47.7981873,115.848518,17.219408,0,407.249481,994.552429,249.442474,212.459839,86.6744766,316.439941,0,92.3763962,39.7941246,40.6164093,118.055588,2252.12988,244.001816,1195.32251
DHB003,2806.67749,3708.40967,1439.12134,3300.46045,6621.14258,3131.72217,2554.48706,2499.34082,8996.87402,12484.459,3912.09326,6443.98584,4927.85107,7148.60889,8722.91895,8939.51758,5374.71924,9467.24316,3267.18237,5642.18115,8219.00879,8178.61621,3520.56714,8102.22559
DHB004,114907.461,181430.266,42902.1094,31035.5137,76595.7813,73521.0156,729462.25,414205.75,445281.719,648067.5,482977.219,540655.063,244828.453,275702.469,120671.188,280937.063,77359.6641,109983.289,4448.80566,6806.92041,44215.9141,175410.313,379239.469,277486.344
DHB005,14.8405666,10.7006998,0,16.3420925,24.0099449,114.227409,0,18.0322056,20.2710438,0,0,0,17.7566528,17.1889153,22.8131275,56.2318306,0,0,0,47.9027519,1684.17615,1941.05981,0,20.7521114
DHB006,0,0,62.4495659,0,44.4910927,0,0,61.6158562,42.5821915,0,0,163.653824,9.27232075,4.12031984,37.3841782,8.81110954,0,0,499.591675,494.191162,50.502758,183.383484,88.0077515,120.555832
DHB007,177.121185,23.879509,0,10.2394438,23.0743504,115.775826,0,78.5865784,29.2752056,0,1178.73303,1509.82568,518.94281,192.015686,230.315491,183.985184,10.6134329,0,0,16.9164238,12.1626425,107.934311,26.1894932,89.4765625
DHB008,3428.65112,7793.01758,21910.3125,18036.9043,5481.54297,4594.91113,0,160.33931,210.781677,742.503601,15109.3867,17303.6992,4129.22803,5431.28271,5478.00684,9722.56348,3057.86426,4030.8772,15.0044289,43.9149361,2370.52271,5493.12598,765.330566,2411.86548
DHB009,38.1327019,81.1238327,66.5669022,38.0274658,520.099304,234.206055,0,470.666382,7.60605955,5.84152699,0,69.2543564,0,4.86070204,40.7538071,23.7160492,0,15.8468695,41.3637657,159.445953,29.4274006,2863.77686,831.027222,1312.83801
DHB010,468.223541,108.51709,194.371017,407.790527,5.56217813,0,0,185.526489,0,0,853.046509,795.208679,1008.85754,919.376953,181.315613,450.210083,13.7731543,80.4113235,0,34.3953514,28.1350079,991.828125,81.8502197,600.409424
DHB011,79026.7656,88820.5078,64036.7813,60521.3789,110704.977,82720.8516,64262.0664,49922.3438,123743.758,164643.922,81163.3047,100280.531,90804.5,100778.836,106620.367,109632.195,71582.9922,108135.445,73510.375,89187.9375,95170.3906,108390.32,58625.8203,99934.6016
DHB012,79017.3516,88820.5078,64036.7813,60461.3047,110732.734,82720.2188,64262.0664,49922.3438,123734.844,164627.406,81145.9766,100278.938,90780.8594,100809.266,106633.406,109631.211,71558.0938,108114.07,73510.375,89183.7891,95173.2109,108397.617,58625.8203,99933.3906
DHB013,79017.3516,88837.9141,64036.7813,60461.3047,110734.195,82720.2188,64262.0664,49922.3438,123738.148,164637.953,81145.9766,100278.938,90780.8594,100811.547,106638.781,109636.781,71558.0938,108124.125,73510.375,89183.7891,95175.9453,108399.344,58625.8203,99935.4375
DHB014,101292.422,114018.5,88230.1094,94153.5703,138205.297,108584.875,89786.9219,74611.1563,147764.578,188411.609,108099.078,127607.234,122719,131027.023,129551.602,134449.125,92264.1328,128498.063,95031.6953,104175.891,118422.227,144323.5,98654.5859,129354.633
DHB015,220.384933,1703.54004,0,0.937810302,4094.21582,2280.82422,0,215.662308,23876.0234,31923.4102,10951.3311,11707.6162,568.627136,2413.1731,2647.5415,3710.63184,2751.50708,4080.97021,0,0,21.1168842,24.6797047,494.978943,1356.20386
DHB016,232040.953,144440.453,44110.2578,10978.8906,428589.063,493031.531,966654.938,1648725.38,361478.656,548283.688,851917,760020.563,440972.531,391494.344,462245.938,654528.813,9955.41309,230472.688,5356.82129,8430.40918,17065.75,295559.906,207166.672,351960.156
DHB017,232040.953,144440.453,44110.2578,10978.8906,428579.969,493014.688,966654.938,1648725.38,361478.656,548256.875,851917,760020.563,440919.594,391494.344,462245.938,654528.813,9955.41309,230472.688,5356.82129,8430.40918,17065.75,295559.906,207166.672,351960.156
DHB018,232040.953,144440.453,44110.2578,10978.8906,428540.031,492980.781,966607.375,1648725.38,361461.5,548170.438,851917,759987.188,440754.875,391462.063,462226.469,654519.188,9955.41309,230456.813,5356.82129,8430.40918,17065.75,295552,207166.672,351920.688
DHB019,2526.42041,2581.96948,28.3470993,40.1558151,1502.65613,447.652222,513.786438,1634.5332,9705.06055,14684.2998,6414.04541,6887.36377,5995.12549,7876.11816,2041.43567,3292.65356,816.406616,4652.979,111.473854,22.6443233,488.282318,2861.87012,426.442963,1314.76746
DHB020,17.4456367,0,0,0,38.5683212,35.4509621,0,0,7603.69824,7751.19775,0,0,61.5917625,44.1031151,2.47387671,6.05897713,0,5.65248251,54.923687,86.4504166,1410.93286,1396.151,42.6781387,21.6254845
DHB021,26.8045979,0,25.7522411,0,38.0669289,4.59520483,0,0,25.0439129,0.294526488,28669.0156,32322.1816,19398.7266,8222.42969,6062.02832,4067.67676,115.463638,110.196617,0,0.851349175,5.15138006,0,9.97843456,62.8263588
DHB022,1037.02673,1418.32031,7605.10791,4519.62451,5107.46875,5131.98975,3248.32471,6985.78516,6791.40332,9705.7168,16467.7402,15410.79,16468.0566,11792.6436,16597.9414,17383.582,557.118225,2080.72876,3814.9751,3175.11353,7364.12939,9684.26172,3573.5188,12638.6318
DHB023,809.932739,640.501892,740.134949,1010.41956,36.1510086,0,43.9151611,1295.59497,0,29.330183,2292.16772,2915.99512,1542.18323,1572.67419,710.364685,1429.11731,27.6947193,350.659027,322.225189,75.1351624,235.469055,4233.70947,708.843689,1954.78735
DHB024,66.9471207,12.4985189,31.4164028,192.954407,5327.31445,4862.11523,16.5103226,1918.21069,177.735718,298.272858,3589.58594,3179.5249,194.225327,649.215271,1788.39575,1876.77527,0,904.190125,0,0,2.89815998,276.978363,16.1653061,347.945984
DHB025,90343.5859,67536.3672,39431.5273,18184.8457,399169.375,560044.063,47242.4297,33622.1445,67139.625,88683.625,99992.8594,90336.2031,119354.078,115527.313,96716.2422,121745.461,17300.8086,40007.043,23334.459,24169.9395,37129.7227,74767.5391,27397.6328,37373.7383
DHB026,12586.4697,9520.63184,26988.5957,16376.3604,2772.71509,3217.94678,10602.1279,20822.2324,414.361481,485.823364,42366.2227,47518.7461,53948.1836,33113.3672,10997.0918,15888.9746,3947.46313,5636.33789,6891.0708,3331.11743,2485.07227,33424.6641,14674.2197,22084.0996
DHB027,811.596069,434.013519,1462.53552,1217.73315,14.055068,28.3651466,708.077332,829.662598,5.88882685,33.0878525,1613.11511,2083.12427,1688.53857,2000.62585,481.235229,986.199646,166.102768,405.319702,1280.57019,205.855118,199.101563,3119.75439,735.562378,1668.15845
DHB028,85.9751053,10.7292709,0,92.3584366,9.71608639,0,128.311951,299.617645,11.5765753,14.9050264,776.408447,926.493225,23.7841606,0,230.156937,46.4919052,55.2585449,0,136.613831,152.976959,3904.16333,4382.64746,412.274719,2177.84033
DHB029,27116.4336,14742.1973,149802.156,88893.8594,124161.945,187157.609,114913.313,191463.281,18822.4961,27680.5879,89199.6016,77115.7422,122931.508,56189.4844,42950.7461,57151.8984,4556.70654,10100.9307,4784.56787,4419.12354,8857.47656,63556.9336,88385.5859,62981.957
DHB030,27116.4336,14742.1973,149802.156,88893.8594,124134.367,187157.609,114913.313,191299.563,18822.4961,27680.5879,89199.6016,77115.7422,122931.508,56189.4844,42950.7461,57140.2109,4556.70654,10100.9307,4784.56787,4419.12354,8857.47656,63543.4375,88385.5859,62981.957
DHB031,27116.4336,14742.1973,149802.156,88893.4297,124127.32,187157.609,114913.313,191257.75,18822.4961,27680.5879,89199.6016,77115.7422,122931.508,56189.4844,42950.7461,57137.0352,4556.70654,10100.9307,4784.56787,4419.12354,8857.47656,63539.9883,88385.5859,62981.957
DHB032,29.1925774,73.307724,8663.94043,8495.11426,891.564514,920.193604,5474.93018,2867.30298,7481.48779,10119.9033,4406.93848,5140.10693,6923.33154,7790.93457,1863.25281,2347.88965,752.423462,416.488342,0,31.6561813,675.007568,7230.18555,15038.6309,5096.85645
DHB033,120.216309,0,19.1678619,6.5861516,35.8563232,16.0920086,0,0,0,0,3485.97119,4409.24902,5183.42676,1809.31763,707.34668,967.909912,0,11.4283419,0,0,4.13233662,18.2596931,134.737671,0
DHB034,311.974152,74.616127,4996.65674,2740.99902,1235.22449,2097.62158,759.794983,2630.91016,118.329269,189.411835,0,0,20.8914261,31.2550049,25.7361145,14.499156,15.5532827,6.23190546,0,0,467.049774,4362.8252,3638.28003,4546.84521
DHB035,699.95697,394.455231,0,0,4604.73291,6025.30322,391.514709,910.116394,572.303406,987.59375,8306.85645,7319.11377,13321.9746,14172.209,10597.8877,12989.1582,4149.68018,11043.3496,0,18.3736324,213.921585,571.882568,116.756973,146.339798
DHB036,3446.83154,1698.37585,322.165253,118.833466,4922.15869,7486.25684,2628.06079,5430.21582,6315.27539,10230.3057,14511.4678,12148.3486,26101.3887,19845.8672,10534.5469,12805.4375,1064.2522,8699.11426,1061.26782,319.791199,425.953217,4206.14111,648.827881,1321.64514
DHB037,207.269669,140.006638,967.067627,784.479431,40.2563019,57.2619743,199.975006,628.075012,4123.76904,9292.19434,1899.19299,2199.22534,7667.61182,2764.13184,1214.32605,1906.33289,196.482864,591.082092,1402.36963,137.307846,50.0341187,740.925049,366.258636,775.676208
DHB038,983.045654,693.384399,1367.93079,1349.59631,15.3139324,22.9796543,60.6910782,1003.25409,6.66176701,60.1169472,2329.81958,3538.69507,1819.11389,2226.18652,796.548706,1455.14734,166.563629,597.216614,2409.62451,841.82489,112.099007,2411.94287,775.469055,1792.06836
DHB039,672.205444,1117.75415,0,346.324402,12686.9023,17824.8027,173.026901,83.1682129,1894.89368,2284.49194,1443.3009,2190.15625,1290.15881,2045.19397,2036.19092,2422.00342,88.8833389,906.087341,438.225616,653.463196,1130.49512,1252.63501,333.061005,485.850983
DHB040,4138.08301,2384.3147,11538.0967,4521.12256,7391.0083,10307.3574,4562.94336,7983.6792,234.050812,574.269958,24244.375,24177.5352,8831.79492,7144.73193,2093.05371,3345.7627,57.9728889,1920.13831,2930.03735,2481.16602,9676.81152,18988.0605,5617.07568,7748.46484
DHB041,117.485962,38.4010429,675.905029,521.806458,36.3260117,145.548157,204.342941,216.734192,0,0,0,0,4.98577309,0,5.54058313,10.5309248,10.5859814,0,783.205627,580.13855,119.925789,1029.18347,317.510651,797.939148
DHB042,31.4396076,32.2034531,0,46.7561493,108.014198,199.076736,18.2152176,24.1966915,30.2171421,0,0,0,0,0,17.0738754,11.4913168,0,0,0,12.7258921,49.1000938,90.8298111,361.316925,669.716919
DHB043,9004.68945,18461.7012,118447.305,79449.0234,22902.3105,31024.9746,64770.3906,28635.4805,41369.6602,43623.8086,28935.3418,28248.0742,54084.6641,38432.8008,10081.4697,11650.7119,11784.748,6839.1333,201.225449,132.911591,5189.94189,33399.5313,86271.8828,35116.0508
DHB044,894.417908,537.83252,33.8986282,44.9364738,1945.56006,3304.40137,589.75824,628.073059,645.486206,1312.42078,1817.896,2337.30078,4828.35938,4363.20898,3112.90015,3491.83423,226.212906,1361.62012,476.101593,597.085205,742.257263,2705.0144,500.935638,644.192627
DHB045,1095.06079,548.466675,6411.22949,2148.97607,2314.88892,1861.59033,1329.26379,3750.73975,13.741498,0,76.6807175,15.0561371,64.2785721,0,0,34.7089005,0,10.1403484,0,28.2076168,133.967606,3610.41699,1113.79358,1267.06384
DHB046,60.3215981,50.3389626,315.3573,64.1029205,213.51561,269.200043,725.633545,2314.41187,190.42009,164.450653,3443.45654,3824.17725,2275.20215,940.004395,826.436279,638.402771,12.3556986,0,1600.6676,949.802063,5166.34766,7903.54102,2532.57544,4624.09619
DHB047,39.8824654,352.698517,1092.89563,1181.98303,22971.6406,27940.7773,3746.80347,6184.47803,331.006042,346.754242,5885.3418,6448.68359,94.6798935,29.7144527,42.9931602,10.3521786,0,0,2336.25903,1450.62244,9994.58398,7702.2583,1020.64111,5604.81299
DHB048,15174.5869,12765.0869,51798.4297,30590.0176,3528.44214,3826.82129,20859.2754,24455.0469,9559.42676,7937.90918,50106.2891,46582.9727,3942.84424,2170.87354,14569.8818,9205.4375,1328.4812,1863.01416,25715.1445,13859.1113,143508.609,120026.992,28802.291,74260.6719
DHB049,781.257202,1067.62024,1313.9845,779.839722,2882.90283,3647.91699,5593.78467,4455.9375,66.5141373,116.058868,69.427536,130.517731,229.813248,161.926102,169.579315,247.986694,10.0423441,65.0530472,0,5.59724045,446.820282,4396.07666,3045.36133,3056.63184
DHB050,1805.12903,1246.32996,9485.30469,3581.85449,2780.6333,4403.79443,3534.1084,2279.2959,128.260208,194.043839,15032.8428,15256.1816,2553.44165,2706.40942,703.87323,1019.13562,26.4131165,935.443604,1194.84949,1344.05835,8996.64355,12025.4883,3299.69922,4368.2002
DHB051,1842.73901,1246.32996,9485.30469,3581.85449,2780.6333,4403.79443,3584.96387,2260.85425,128.260208,194.043839,15032.8428,15256.1816,2553.44165,2706.40942,703.87323,1022.1283,26.4131165,935.443604,1194.84949,1344.05835,8995.80664,12037.8545,3299.69922,4368.2002
DHB052,0,0,27.4683075,0,3117.92114,3767.02075,368.34549,282.026459,7.58365679,0,0,33.7751312,166.007187,0,2.71518612,19.7291527,0,0,35.3595848,0,56.941658,164.35347,24.0144806,42.8096924
DHB053,9.40384674,65.7277985,23.2402782,147.218826,17.7259941,68.3712692,0,0,0,0,31.3466206,129.42601,12400.9658,2062.21509,371.393768,626.882751,0,0,87.9150085,78.9641037,5.85199451,93.5535202,0,27.4208298
DHB054,5176.01855,3461.02197,19602.3594,4053.82349,2232.11816,2969.00879,13119.8682,13025.5566,3034.43115,2685.89526,18930.4316,18491.4219,2029.25818,327.200348,3933.14453,4166.57764,0,63.8575897,214.498062,45.1579628,16941.2031,27897.1406,9500.78125,22872.2637
DHB055,0,13.7990427,164.340927,0,5.54170227,0,283.084442,0,12.4217138,0,37.209156,17.8743172,14561.2871,5234.70947,750.871033,849.694641,42.7436714,353.788239,0,0,1.93468094,1.95333469,0,0
DHB056,1733.65808,163.485565,3194.88916,132.512985,8193.62207,14642.5449,1024.05688,5100.88135,0,0,9492.18359,7947.73096,4809.68604,2703.55688,1147.21484,1626.20117,0,1435.98181,0,0,1011.45819,3696.91821,1400.73901,1446.13171
DHB057,1446.64233,189.106049,6971.55469,1434.35999,3347.22095,8050.69141,3003.38892,5236.43701,1352.57959,2203.20166,821.548401,1069.54834,2649.26465,2034.99048,968.67157,1344.88855,176.829529,1844.3678,0,0,270.752167,3870.88159,681.905823,2237.57544
DHB058,904.259338,162.10704,10420.6416,4088.57544,2515.71948,5398.31006,2107.03394,3747.97583,0,90.4454956,60.8254204,0,86.9126968,0,7.12547255,11.3549109,0,18.9628105,12.7326899,0,642.483215,7002.98291,5490.87109,6966.6543
DHB059,0,0,23.3510151,0,3.940979,128.882156,15.1084576,0,20755.4668,48013.0117,3723.62354,4253.83398,12598.9102,2638.4126,1367.87463,1986.15906,198.127213,775.650269,0,33.0495911,8.67364597,27.2403011,6.81972885,1.64025807
DHB060,75.2711334,29.0187702,20.3386765,109.855972,177.671494,202.317886,11.6943264,35.2202187,24.1841526,14.293067,0,0,229.07106,331.584839,743.420105,269.693207,10.0963879,147.948685,91.9399872,645.858948,295.631073,85.7012558,9.21421146,49.8221474
DHB061,0,0,26.452507,47.6816063,24.8017635,305.550476,43.8092499,54.4725456,30.370636,0,1612.03699,1318.20898,61.1273575,93.2611542,289.794647,131.006271,26.7388325,398.124268,79.5027924,29.8578033,1244.82715,879.103882,9.48365211,9.45654678
DHB062,0,0,26.452507,47.6816063,24.8017635,295.539001,43.8092499,54.4725456,30.370636,0,1612.03699,1318.20898,47.4404678,93.2611542,289.794647,135.273392,26.7388325,398.124268,79.5027924,29.8578033,1244.82715,886.26532,9.48365211,9.90084648
DHB063,0,0,0,0,11.0655746,24.7795963,103.907188,502.092377,0,11.4787388,178.839813,129.929047,0,0,51.9950027,13.8417845,58.2855415,0,32.0575066,0,59.4559937,119.777405,170.056015,54.6620369
DHB064,0,50.5169373,198.099457,116.864647,22947.8652,39882.3945,7814.87646,5567.86035,41.2760506,44.9684868,2973.25293,3587.18481,4467.69775,1482.69727,3609.13208,4401.07666,543.385742,382.315796,1335.47937,1309.38074,517.578064,1033.82886,95.486557,177.822723
DHB065,54.939064,44.1443825,221.534378,73.1710129,37.0830536,19.3672619,49.0122719,35.4466286,52.4102707,20.6522045,0,0,66.9852753,56.7311134,37.0343437,10.5005922,0,21.8521385,110.061066,52.0233841,27.2102051,265.752319,48.0654755,148.827957
DHB066,0,37.362175,0,0,999.032837,865.524353,0,0,0,0,5144.25781,6741.3999,4344.2041,1323.77917,261.618225,322.95993,0,5.97426081,0,0,19.5224056,12.8434677,16.3977528,258.702667
DHB067,0,35.2069778,1116.58264,763.434265,6.45943499,153.728195,0,0,18.476963,0,0,0,0,0.297142357,10.1763983,0,0,19.2024002,27.7540455,19.5361691,2.62534881,147.017288,580.044495,429.916565
DHB068,47.3229103,36.7510262,63.6811295,8.3534565,12.1316948,19.1549072,0,0,9.41309452,11.0136232,1006.71631,1422.31592,2688.70679,741.888855,879.161377,1327.23474,0,0,0,0,16.0026817,202.108826,22.4962673,286.471344
DHB069,115.807465,43.6054802,4451.38281,1987.74817,431.259003,1067.45264,325.677704,395.729095,0,44.8119278,28.1697235,0,29.3897629,22.465126,0,4.8049612,0,0,0,0,280.566223,2016.08557,2726.99487,2317.99048
DHB070,0,0,221.542099,48.1561317,16.9469738,11.4746952,0,72.5523453,0,0,0,0,3313.27466,1803.37549,0,5.25070477,22.7816677,0,0,0,3.49730277,16.5141182,7.01760912,16.5501499
DHB071,36.5660286,6.55721569,0,23.5910854,59.6651192,14.0001678,30.0718098,37.0773964,30.6660862,76.1980133,40.1441422,14.8258095,110.589226,78.6925583,68.3724365,47.5144157,47.9572945,63.616127,43.6994781,0,115.296707,15.9211445,0,101.89032
DHB072,33.9085693,14.4997988,0,40.3692322,2569.42603,4656.5,31724.168,66907.6016,1155.26477,1940.40808,9058.74316,7002.78271,9248.36621,6148.49365,12230.8262,11102.1797,0,2068.70239,24.7934341,42.7066422,2.80567646,865.003357,199.689178,2543.33716
DHB073,2372.27881,1761.79004,3829.76294,2538.61743,3829.68848,3127.23242,3622.88843,1436.22412,3913.40405,4884.45313,1099.8241,1640.64197,6268.53174,4790.93262,4536.07764,3849.42017,2219.34521,4118.63574,4664.17236,3907.56201,5033.94043,3064.88208,1812.00159,3953.42847
DHB074,2372.27881,1761.79004,3829.76294,2538.61743,3829.68848,3134.14819,3622.88843,1442.65576,3913.40405,4884.45313,1099.8241,1640.64197,6268.53174,4790.93262,4537.37598,3849.42017,2219.34521,4118.63574,4664.17236,3907.56201,5033.94043,3064.88208,1812.00159,3953.42847
DHB075,94.1417084,27.0743446,0,18.4755001,191.466766,65.4611053,134.175568,0,198.001389,320.814087,81.3846359,38.7937012,294.683563,268.94339,319.040924,216.117233,187.026794,246.002441,77.882164,147.846649,328.32605,56.8629494,31.6891136,88.5651474
DHB076,367.009766,41.6360283,1629.25171,98.4907455,5517.71631,10426.1016,148.013107,2706.27563,1.51162851,18.6194019,7.96938848,0,41.8408928,3.286026,18.0577946,0,6.49853802,5.09863424,35.0457077,0,87.0586243,1926.92786,537.282715,1719.72473
DHB077,367.009766,41.6360283,1629.25171,96.0166321,5514.01318,10412.4561,148.013107,2706.27563,4.12586975,18.6194019,7.96938848,0,38.2386475,0,18.0577946,0,17.7372437,5.09863424,16.8429813,0,87.0586243,1926.92786,537.282715,1719.72473
DHB078,367.009766,41.6360283,1629.25171,95.334137,5514.01318,10412.4561,148.013107,2706.27563,4.12586975,18.6194019,7.96938848,0,39.0853729,0,18.0577946,0,17.7372437,5.09863424,16.8429813,0,87.0586243,1926.92786,537.282715,1719.72473
DHB079,367.009766,41.6360283,1593.78589,91.23526,5514.01318,10412.4561,148.013107,2706.27563,4.12586975,16.1389809,7.96938848,0,46.4446602,0,18.1586208,0,17.7372437,5.09863424,16.8429813,0,87.0586243,1926.92786,549.090393,1719.72473
DHB080,52.4224167,0,0,14.945755,2097.18799,5272.97412,0,16.0363808,9.54511356,13.2652817,56.9500122,25.8189335,445.848541,577.151184,363.936249,587.158813,0,229.879059,0,0,28.9755039,0,0,0
DHB081,531.00769,378.389832,385.456512,429.370636,1010.29846,697.614014,1045.45752,69.8329315,891.03656,1425.41077,147.642914,233.432724,1874.99011,1167.61682,1261.52197,994.584595,464.359772,1106.98621,1273.72095,895.18866,1372.57544,695.274353,217.534164,820.883301
DHB082,407.174072,19.6525269,255.11467,124.586533,35.24543,74.276001,0,165.572464,6.94235802,0,97.050415,0,578.752991,83.2616119,6.96806717,29.2229156,0,48.2983437,27.9490776,0,40.192421,321.633453,15.1148167,153.178864
DHB083,100.283157,16.918314,414.165741,151.86908,3.50605726,24.2848606,56.3256073,166.113846,16.7499084,0,12.3297739,26.4776821,183.018845,51.5578918,47.4361649,86.0082703,0,0,158.778763,0,18.6568508,397.311249,33.0981827,225.447998
DHB084,40.5945435,2.88228106,0,0,73.8226776,0,0,0,8.69523716,0,0,0,0,10.7978764,89.1827393,2.03930426,0,0,147.211807,20.4206009,3.89713144,7.76321936,0,0
DHB085,289.620331,443.044525,12080.2402,5108.68066,1594.1571,3244.42334,4915.62842,6608.69873,3771.19922,5373.02295,3120.90503,2827.60571,10896.5322,6727.45215,1179.52258,2033.21448,92.9792099,186.008957,15.221467,15.1739073,268.362152,9055.1377,10526.5928,5995.82715
DHB086,291.106659,443.044525,12080.2402,5108.68066,1589.73474,3244.42334,4915.62842,6608.69873,3771.19922,5363.94629,3120.90503,2827.60571,10896.5322,6727.45215,1185.85376,2033.21448,92.9792099,186.008957,7.41795158,15.1739073,268.362152,9055.1377,10526.5928,5999.19434
DHB087,90.6472931,0,580.513184,252.830795,14.3966932,53.6828003,1041.16943,938.933167,4.04141283,0,0,0,0,0,15.3960896,12.1530905,0,13.7126865,0,0,35.377327,569.231445,280.075684,271.441406
DHB088,96.8224869,0,294.911499,114.081917,8.21893883,245.663025,124.078758,42.6137619,20.7704849,0,0,0,0,55.5754433,38.2301407,10.9765482,24.4529648,9.46781445,0,0,62.76894,933.174316,68.0169144,272.080109
DHB089,92.6484985,0,137.430252,27.27701,199.747971,167.158417,87.6714935,0,328.774628,333.28952,0,0,514.984131,216.30571,237.707596,219.913376,54.8341713,187.447159,226.544144,141.058456,287.231262,68.8762131,8.24550724,112.993065
DHB090,20.3719196,6.60752392,86.3154602,0,14.1723881,0,97.9781189,35.8125076,784.08783,188.769104,12.8074341,0,20.1695652,0,47.7874947,2.29865217,0,9.94745636,0,0,57.6485481,0,14.0008192,25.599308
DHB091,107.254784,8.09967804,348.894592,243.278885,22.7117615,22.4945126,291.780212,195.730469,0,11.6646347,79.4866257,257.643188,816.598022,165.0616,23.1576557,35.4712448,0,0,60.9225845,12.6340055,2.40024376,413.679688,79.5488052,330.833649
DHB092,97.4147263,146.222595,648.297791,286.908264,2.68298435,14.4833841,238.547821,128.129364,15.7379265,0,0,0,27.7358398,0,2.7565136,0,0,0,148.837006,0,29.827755,647.474182,90.2847366,219.378448
DHB093,123.899673,6.44507504,0,0,29.0803242,0,0,26.2188663,0,0,12838.0605,13830.4951,11060.2813,1940.96057,679.534546,751.115967,0,11.5986061,0,0,7.05642939,11.074297,0,7.532094
DHB094,1352.43091,671.589111,8712.81836,3398.52051,115.294273,73.6835327,2974.97241,2520.68677,41.1515579,35.1015396,79.462738,91.2732162,333.093384,120.418831,72.5998993,52.8962631,69.0752487,63.7640991,518.306152,192.272156,380.060394,3145.28931,299.391479,491.849609
DHB095,180.487045,21.1191521,78.9674988,24.5935001,41.8942528,31.6258488,0,49.278904,8.8208704,0,45.4092789,0,0,35.4320602,13.5895023,0,0,0,0,0,43.8182755,489.247589,187.311188,72.38414
DHB096,30.7019825,0,138.077759,117.500671,12.1607866,19.7837791,0,61.9525795,30.137537,0,52.8462906,0,9.70972061,0,19.016758,3.04333806,0,0,0,0,4.65741634,146.412064,0,23.7509212
DHB097,564.896667,104.3004,568.271301,280.241791,0,3.58056474,314.380188,465.899017,4.48942041,0,89.1455994,77.9227676,0,0,16.8886433,65.1718674,0,0,22.3657684,0,237.871033,798.668701,324.343719,445.188446
DHB098,564.896667,104.3004,568.271301,289.949005,8.2748003,57.9915619,0,0,0,0,0,42.592514,0,0,18.4099998,41.9074135,0,0,58.0408859,0,34.9721107,631.856384,110.718948,392.377014
DHB099,1326.49792,311.885223,2632.6709,800.018311,3.5189538,51.7460365,455.671265,719.28595,0,36.9663963,101.069298,110.408188,1285.40662,388.678528,79.289238,167.829575,21.8491211,43.0512619,146.176514,0,215.315796,2866.84277,422.897614,1127.04236
DHB100,1362.7804,299.669922,2632.6709,774.844055,5.34418917,31.1503372,455.671265,719.28595,0,36.9663963,101.069298,110.408188,1285.40662,388.678528,79.289238,167.829575,21.8491211,43.0512619,146.176514,0,215.315796,2866.84277,421.200195,1127.04236
DHB101,8002.48682,2745.63086,29368.0684,7263.87061,8032.99316,16808.7871,17742.6113,6866.48633,4716.90186,6161.92725,1263.90503,1531.71924,6085.51709,3969.40039,1559.8656,1673.09143,1253.0719,2393.92773,10696.3623,5268.67578,1842.81055,6613.31641,2735.87622,5146.53174
DHB102,3342.22412,588.183533,3346.32349,1154.13855,29.8421593,0,150.141281,602.961731,7.52299404,6.3256731,0,0,8.88454247,0,7.91148853,0,0,0,129.391037,0,18.8105698,107.405396,302.791626,654.827332
DHB103,0,72.5396347,30.3891335,0,16.4786777,0,0,0,9.25160408,0,6103.71436,5965.7915,2670.85986,991.557007,113.724304,200.877335,0,0,0,0,7.33316422,2.81881285,56.6848946,5.7538619
DHB104,0,36.9664726,32.4553032,0,5.67850065,0,0,0,34.5766296,3.40746784,3092.84839,4504.36768,1717.14709,392.797241,492.607635,499.940308,0,2.66369057,0,0,4.46593332,24.0259304,0,35.4897385
DHB105,0,36.9664726,32.4553032,0,9.80674171,0,0,0,34.5766296,110.822319,3109.44336,4504.36768,1717.14709,392.797241,492.607635,499.940308,0,0,0,0,4.04361629,24.0259304,0,35.8799591
DHB106,1131.8042,333.630981,3996.53613,1066.72375,40.7363052,81.2437744,686.788818,1416.17419,7.52081823,0,0,133.05545,324.169952,156.070023,13.2153673,55.2298851,55.4915009,0,327.329041,40.7990875,278.069061,3794.76074,699.550476,1627.5332
DHB107,319.046753,84.9849014,581.675354,266.224762,37.7735367,132.500244,270.665375,113.589714,8.16047859,0,63.0937805,147.955261,1063.24121,419.152924,62.3359146,86.5058899,27.9252014,0,21.374218,0,20.5297775,310.471954,44.2201653,77.1957855
DHB108,259.509735,55.9059067,406.185516,156.33728,372.50592,327.229858,761.440186,0,350.81897,551.593506,0,38.4587097,1373.84302,519.294556,736.305115,525.009888,107.416733,375.819794,730.685303,288.103119,619.311646,209.077805,28.045742,394.295288
DHB109,227.108841,20.6715736,229.654556,79.710907,10.59482,0,0,0,44.9998131,0,67.7587738,96.6907425,176.519974,129.65918,29.2898693,65.0826187,0,13.8776836,0,21.0476494,24.5322533,426.704254,57.9618149,191.875595
DHB110,453.667786,34.7899971,355.35788,31.7674656,0,0,0,103.713531,8.40698528,0,2980.9353,3005.35767,4694.9375,2112.3374,589.118896,1093.65332,14.4383821,205.02124,0,0,9.0727644,96.348732,0,60.4831429
DHB111,0,20.928936,0,0,58.5140114,153.796555,0,132.080963,18.6861591,14.5251617,8990.52832,10267.3633,12923.8574,2163.51489,702.900757,770.078003,7.20650721,71.6011429,0,0,0,7.61296129,0,4.58803844
DHB112,109.596825,31.7433529,23156.6289,9729.06348,179.796585,795.412231,3900.12915,945.709412,48.8157043,21.5065594,30.9220848,13.7723503,1560.55603,596.424438,4.41940212,32.7871208,0,15.8823595,218.42926,0,672.114136,4484.85645,11657.543,3709.37524
DHB113,849.226501,287.478912,1669.10718,286.898285,0.703212023,42.6256981,446.118713,184.708435,1.13212395,0,36.5620995,142.901443,463.863495,143.247086,12.1021986,78.6498108,0,5.73925495,60.6172333,0,169.911926,2415.24585,327.030975,863.615234
DHB114,55.5528793,0,27.5514412,55.0499611,14.6398735,15.8955145,0,0,1853.34033,3510.37939,0,0,185.367416,45.8569298,71.9862671,0.881017923,28.7951393,32.7627029,109.637566,6.71359873,5.20547295,34.4123688,49.841301,289.470154
DHB115,2408.84937,2838.41748,29166.8379,14043.4424,5999.02588,10564.8408,21205.3457,6363.09229,21723.4375,27000.9941,13950.4141,12977.4531,29352.9199,19711.7891,5223.52783,5308.54883,3761.19653,2196.27148,104.661263,35.2797356,1291.09473,9938.84082,19555.8301,7099.00488
DHB116,27775.2383,32908.9453,318786.656,151595.344,69575.6016,119996.102,237118.547,72304.4141,239057.531,289881.969,152288.672,141645.578,309105.563,203570.969,56815.4023,59036.9922,43530.6602,24641.3047,538.885376,263.768524,14434.3164,107487.578,210012.703,74511.9063
DHB117,29.0180225,10.0963507,4553.63184,1626.82715,215.522003,606.152893,1766.48254,139.38327,4793.59717,6227.06787,1626.55261,1991.61865,5187.74512,4044.54956,512.869263,452.82666,145.22583,135.66713,0,0,115.070206,1449.43091,3138.875,833.357788
DHB118,25.526432,7.07522058,1417.37183,71.4605484,3649.63599,6133.34814,1045.51794,3582.79272,3834.24707,5470.7002,4341.39209,3369.81177,6684.39795,4161.25537,1510.80969,2116.04907,8.97443771,705.722839,42.4606438,0,8.94965076,3127.40137,201.780548,1134.74194
DHB119,7533.07666,10640.2334,139337.984,75641.9063,21310.627,34027.7109,49307.5586,21556.8359,2607.1936,3450.79932,583.766479,1189.6156,2228.41797,1994.56592,381.336426,293.689758,9.88098621,17.6185799,53.4236984,0,10873.0938,65092.6211,122446.43,51100.7891
DHB120,1570.14893,495.3909,19454.3594,3691.19067,14152.3584,23733.543,6500.50488,14734.9111,101.195381,60.1933708,0,97.8729324,0,24.8140011,102.882263,50.5117035,0,30.4155884,34.4056244,0,710.483398,20412.2949,11471.4912,13459.0928
DHB121,1570.14893,495.3909,19454.3594,3677.51611,14152.3584,23746.9727,6529.59131,14734.9111,101.195381,60.1933708,0,97.8729324,0,14.60674,102.882263,60.8624153,0,26.2037277,34.4056244,0,703.799194,20413.4961,11471.4912,13459.0928
DHB122,92.6774521,30.0959091,0,0,3.42737603,0,291.268524,0,5.63167095,13.8468809,660.84491,1006.26575,0.992864013,84.6716385,14.9920521,100.647514,0,0,0,0,0,12.2027216,0,0
